{
    "Tokens": {
        "correct": 15724,
        "gold_total": 15724,
        "system_total": 15724,
        "aligned_total": null,
        "precision": 1.0,
        "recall": 1.0,
        "f1": 1.0,
        "aligned_accuracy": null
    },
    "Sentences": {
        "correct": 1116,
        "gold_total": 1116,
        "system_total": 1116,
        "aligned_total": null,
        "precision": 1.0,
        "recall": 1.0,
        "f1": 1.0,
        "aligned_accuracy": null
    },
    "Words": {
        "correct": 15724,
        "gold_total": 15724,
        "system_total": 15724,
        "aligned_total": null,
        "precision": 1.0,
        "recall": 1.0,
        "f1": 1.0,
        "aligned_accuracy": null
    },
    "UPOS": {
        "correct": 14108,
        "gold_total": 15724,
        "system_total": 15724,
        "aligned_total": 15724,
        "precision": 0.8972271686593742,
        "recall": 0.8972271686593742,
        "f1": 0.8972271686593742,
        "aligned_accuracy": 0.8972271686593742
    },
    "XPOS": {
        "correct": 0,
        "gold_total": 15724,
        "system_total": 15724,
        "aligned_total": 15724,
        "precision": 0.0,
        "recall": 0.0,
        "f1": 0.0,
        "aligned_accuracy": 0.0
    },
    "UFeats": {
        "correct": 5784,
        "gold_total": 15724,
        "system_total": 15724,
        "aligned_total": 15724,
        "precision": 0.3678453319765963,
        "recall": 0.3678453319765963,
        "f1": 0.3678453319765963,
        "aligned_accuracy": 0.3678453319765963
    },
    "AllTags": {
        "correct": 0,
        "gold_total": 15724,
        "system_total": 15724,
        "aligned_total": 15724,
        "precision": 0.0,
        "recall": 0.0,
        "f1": 0.0,
        "aligned_accuracy": 0.0
    },
    "Lemmas": {
        "correct": 8845,
        "gold_total": 15724,
        "system_total": 15724,
        "aligned_total": 15724,
        "precision": 0.5625158992622742,
        "recall": 0.5625158992622742,
        "f1": 0.5625158992622742,
        "aligned_accuracy": 0.5625158992622742
    },
    "UAS": {
        "correct": 13502,
        "gold_total": 15724,
        "system_total": 15724,
        "aligned_total": 15724,
        "precision": 0.8586873569066396,
        "recall": 0.8586873569066396,
        "f1": 0.8586873569066396,
        "aligned_accuracy": 0.8586873569066396
    },
    "LAS": {
        "correct": 11834,
        "gold_total": 15724,
        "system_total": 15724,
        "aligned_total": 15724,
        "precision": 0.7526074790129738,
        "recall": 0.7526074790129738,
        "f1": 0.7526074790129738,
        "aligned_accuracy": 0.7526074790129738
    },
    "CLAS": {
        "correct": 6709,
        "gold_total": 9429,
        "system_total": 9399,
        "aligned_total": 9429,
        "precision": 0.713799340355357,
        "recall": 0.7115282638667939,
        "f1": 0.7126619927767155,
        "aligned_accuracy": 0.7115282638667939
    },
    "MLAS": {
        "correct": 183,
        "gold_total": 9429,
        "system_total": 9399,
        "aligned_total": 9429,
        "precision": 0.01947015639961698,
        "recall": 0.019408208717785556,
        "f1": 0.019439133205863608,
        "aligned_accuracy": 0.019408208717785556
    },
    "BLEX": {
        "correct": 2188,
        "gold_total": 9429,
        "system_total": 9399,
        "aligned_total": 9429,
        "precision": 0.23279072241727844,
        "recall": 0.23205005833068193,
        "f1": 0.23241980029742937,
        "aligned_accuracy": 0.23205005833068193
    }
}