{
    "Tokens": {
        "correct": 15724,
        "gold_total": 15724,
        "system_total": 15724,
        "aligned_total": null,
        "precision": 1.0,
        "recall": 1.0,
        "f1": 1.0,
        "aligned_accuracy": null
    },
    "Sentences": {
        "correct": 1116,
        "gold_total": 1116,
        "system_total": 1116,
        "aligned_total": null,
        "precision": 1.0,
        "recall": 1.0,
        "f1": 1.0,
        "aligned_accuracy": null
    },
    "Words": {
        "correct": 15724,
        "gold_total": 15724,
        "system_total": 15724,
        "aligned_total": null,
        "precision": 1.0,
        "recall": 1.0,
        "f1": 1.0,
        "aligned_accuracy": null
    },
    "UPOS": {
        "correct": 13844,
        "gold_total": 15724,
        "system_total": 15724,
        "aligned_total": 15724,
        "precision": 0.8804375476977868,
        "recall": 0.8804375476977868,
        "f1": 0.8804375476977868,
        "aligned_accuracy": 0.8804375476977868
    },
    "XPOS": {
        "correct": 0,
        "gold_total": 15724,
        "system_total": 15724,
        "aligned_total": 15724,
        "precision": 0.0,
        "recall": 0.0,
        "f1": 0.0,
        "aligned_accuracy": 0.0
    },
    "UFeats": {
        "correct": 5787,
        "gold_total": 15724,
        "system_total": 15724,
        "aligned_total": 15724,
        "precision": 0.36803612312388706,
        "recall": 0.36803612312388706,
        "f1": 0.36803612312388706,
        "aligned_accuracy": 0.36803612312388706
    },
    "AllTags": {
        "correct": 0,
        "gold_total": 15724,
        "system_total": 15724,
        "aligned_total": 15724,
        "precision": 0.0,
        "recall": 0.0,
        "f1": 0.0,
        "aligned_accuracy": 0.0
    },
    "Lemmas": {
        "correct": 8928,
        "gold_total": 15724,
        "system_total": 15724,
        "aligned_total": 15724,
        "precision": 0.5677944543373188,
        "recall": 0.5677944543373188,
        "f1": 0.5677944543373188,
        "aligned_accuracy": 0.5677944543373188
    },
    "UAS": {
        "correct": 13108,
        "gold_total": 15724,
        "system_total": 15724,
        "aligned_total": 15724,
        "precision": 0.8336301195624523,
        "recall": 0.8336301195624523,
        "f1": 0.8336301195624523,
        "aligned_accuracy": 0.8336301195624523
    },
    "LAS": {
        "correct": 11249,
        "gold_total": 15724,
        "system_total": 15724,
        "aligned_total": 15724,
        "precision": 0.7154032052912744,
        "recall": 0.7154032052912744,
        "f1": 0.7154032052912744,
        "aligned_accuracy": 0.7154032052912744
    },
    "CLAS": {
        "correct": 6385,
        "gold_total": 9429,
        "system_total": 9402,
        "aligned_total": 9429,
        "precision": 0.6791108274835141,
        "recall": 0.6771661894156327,
        "f1": 0.6781371143327491,
        "aligned_accuracy": 0.6771661894156327
    },
    "MLAS": {
        "correct": 165,
        "gold_total": 9429,
        "system_total": 9402,
        "aligned_total": 9429,
        "precision": 0.017549457562220806,
        "recall": 0.017499204581609928,
        "f1": 0.017524295045403857,
        "aligned_accuracy": 0.017499204581609928
    },
    "BLEX": {
        "correct": 2033,
        "gold_total": 9429,
        "system_total": 9402,
        "aligned_total": 9429,
        "precision": 0.2162305892363327,
        "recall": 0.2156114116025029,
        "f1": 0.2159205565291275,
        "aligned_accuracy": 0.2156114116025029
    }
}