{
    "Tokens": {
        "correct": 15724,
        "gold_total": 15724,
        "system_total": 15724,
        "aligned_total": null,
        "precision": 1.0,
        "recall": 1.0,
        "f1": 1.0,
        "aligned_accuracy": null
    },
    "Sentences": {
        "correct": 1116,
        "gold_total": 1116,
        "system_total": 1116,
        "aligned_total": null,
        "precision": 1.0,
        "recall": 1.0,
        "f1": 1.0,
        "aligned_accuracy": null
    },
    "Words": {
        "correct": 15724,
        "gold_total": 15724,
        "system_total": 15724,
        "aligned_total": null,
        "precision": 1.0,
        "recall": 1.0,
        "f1": 1.0,
        "aligned_accuracy": null
    },
    "UPOS": {
        "correct": 13999,
        "gold_total": 15724,
        "system_total": 15724,
        "aligned_total": 15724,
        "precision": 0.8902950903078097,
        "recall": 0.8902950903078097,
        "f1": 0.8902950903078097,
        "aligned_accuracy": 0.8902950903078097
    },
    "XPOS": {
        "correct": 0,
        "gold_total": 15724,
        "system_total": 15724,
        "aligned_total": 15724,
        "precision": 0.0,
        "recall": 0.0,
        "f1": 0.0,
        "aligned_accuracy": 0.0
    },
    "UFeats": {
        "correct": 5813,
        "gold_total": 15724,
        "system_total": 15724,
        "aligned_total": 15724,
        "precision": 0.369689646400407,
        "recall": 0.369689646400407,
        "f1": 0.369689646400407,
        "aligned_accuracy": 0.369689646400407
    },
    "AllTags": {
        "correct": 0,
        "gold_total": 15724,
        "system_total": 15724,
        "aligned_total": 15724,
        "precision": 0.0,
        "recall": 0.0,
        "f1": 0.0,
        "aligned_accuracy": 0.0
    },
    "Lemmas": {
        "correct": 8876,
        "gold_total": 15724,
        "system_total": 15724,
        "aligned_total": 15724,
        "precision": 0.5644874077842789,
        "recall": 0.5644874077842789,
        "f1": 0.5644874077842789,
        "aligned_accuracy": 0.5644874077842789
    },
    "UAS": {
        "correct": 13594,
        "gold_total": 15724,
        "system_total": 15724,
        "aligned_total": 15724,
        "precision": 0.8645382854235564,
        "recall": 0.8645382854235564,
        "f1": 0.8645382854235564,
        "aligned_accuracy": 0.8645382854235564
    },
    "LAS": {
        "correct": 11719,
        "gold_total": 15724,
        "system_total": 15724,
        "aligned_total": 15724,
        "precision": 0.7452938183668277,
        "recall": 0.7452938183668277,
        "f1": 0.7452938183668277,
        "aligned_accuracy": 0.7452938183668277
    },
    "CLAS": {
        "correct": 6635,
        "gold_total": 9429,
        "system_total": 9191,
        "aligned_total": 9429,
        "precision": 0.7219018605157219,
        "recall": 0.7036801357514052,
        "f1": 0.7126745435016112,
        "aligned_accuracy": 0.7036801357514052
    },
    "MLAS": {
        "correct": 173,
        "gold_total": 9429,
        "system_total": 9191,
        "aligned_total": 9429,
        "precision": 0.018822761397018824,
        "recall": 0.01834765086435465,
        "f1": 0.018582169709989257,
        "aligned_accuracy": 0.01834765086435465
    },
    "BLEX": {
        "correct": 2092,
        "gold_total": 9429,
        "system_total": 9191,
        "aligned_total": 9429,
        "precision": 0.22761397018822763,
        "recall": 0.22186870293774524,
        "f1": 0.2247046186895811,
        "aligned_accuracy": 0.22186870293774524
    }
}