{
    "Tokens": {
        "correct": 15724,
        "gold_total": 15724,
        "system_total": 15724,
        "aligned_total": null,
        "precision": 1.0,
        "recall": 1.0,
        "f1": 1.0,
        "aligned_accuracy": null
    },
    "Sentences": {
        "correct": 1116,
        "gold_total": 1116,
        "system_total": 1116,
        "aligned_total": null,
        "precision": 1.0,
        "recall": 1.0,
        "f1": 1.0,
        "aligned_accuracy": null
    },
    "Words": {
        "correct": 15724,
        "gold_total": 15724,
        "system_total": 15724,
        "aligned_total": null,
        "precision": 1.0,
        "recall": 1.0,
        "f1": 1.0,
        "aligned_accuracy": null
    },
    "UPOS": {
        "correct": 14050,
        "gold_total": 15724,
        "system_total": 15724,
        "aligned_total": 15724,
        "precision": 0.8935385398117527,
        "recall": 0.8935385398117527,
        "f1": 0.8935385398117527,
        "aligned_accuracy": 0.8935385398117527
    },
    "XPOS": {
        "correct": 0,
        "gold_total": 15724,
        "system_total": 15724,
        "aligned_total": 15724,
        "precision": 0.0,
        "recall": 0.0,
        "f1": 0.0,
        "aligned_accuracy": 0.0
    },
    "UFeats": {
        "correct": 5772,
        "gold_total": 15724,
        "system_total": 15724,
        "aligned_total": 15724,
        "precision": 0.3670821673874332,
        "recall": 0.3670821673874332,
        "f1": 0.3670821673874332,
        "aligned_accuracy": 0.3670821673874332
    },
    "AllTags": {
        "correct": 0,
        "gold_total": 15724,
        "system_total": 15724,
        "aligned_total": 15724,
        "precision": 0.0,
        "recall": 0.0,
        "f1": 0.0,
        "aligned_accuracy": 0.0
    },
    "Lemmas": {
        "correct": 8848,
        "gold_total": 15724,
        "system_total": 15724,
        "aligned_total": 15724,
        "precision": 0.562706690409565,
        "recall": 0.562706690409565,
        "f1": 0.562706690409565,
        "aligned_accuracy": 0.562706690409565
    },
    "UAS": {
        "correct": 13543,
        "gold_total": 15724,
        "system_total": 15724,
        "aligned_total": 15724,
        "precision": 0.8612948359196133,
        "recall": 0.8612948359196133,
        "f1": 0.8612948359196133,
        "aligned_accuracy": 0.8612948359196133
    },
    "LAS": {
        "correct": 11828,
        "gold_total": 15724,
        "system_total": 15724,
        "aligned_total": 15724,
        "precision": 0.7522258967183922,
        "recall": 0.7522258967183922,
        "f1": 0.7522258967183922,
        "aligned_accuracy": 0.7522258967183922
    },
    "CLAS": {
        "correct": 6687,
        "gold_total": 9429,
        "system_total": 9374,
        "aligned_total": 9429,
        "precision": 0.7133560913164071,
        "recall": 0.709195036589246,
        "f1": 0.7112694782747434,
        "aligned_accuracy": 0.709195036589246
    },
    "MLAS": {
        "correct": 169,
        "gold_total": 9429,
        "system_total": 9374,
        "aligned_total": 9429,
        "precision": 0.018028589716236398,
        "recall": 0.017923427722982287,
        "f1": 0.0179758549167686,
        "aligned_accuracy": 0.017923427722982287
    },
    "BLEX": {
        "correct": 2191,
        "gold_total": 9429,
        "system_total": 9374,
        "aligned_total": 9429,
        "precision": 0.23373159803712396,
        "recall": 0.2323682256867112,
        "f1": 0.23304791788544382,
        "aligned_accuracy": 0.2323682256867112
    }
}