{
    "Tokens": {
        "correct": 15724,
        "gold_total": 15724,
        "system_total": 15724,
        "aligned_total": null,
        "precision": 1.0,
        "recall": 1.0,
        "f1": 1.0,
        "aligned_accuracy": null
    },
    "Sentences": {
        "correct": 1116,
        "gold_total": 1116,
        "system_total": 1116,
        "aligned_total": null,
        "precision": 1.0,
        "recall": 1.0,
        "f1": 1.0,
        "aligned_accuracy": null
    },
    "Words": {
        "correct": 15724,
        "gold_total": 15724,
        "system_total": 15724,
        "aligned_total": null,
        "precision": 1.0,
        "recall": 1.0,
        "f1": 1.0,
        "aligned_accuracy": null
    },
    "UPOS": {
        "correct": 14099,
        "gold_total": 15724,
        "system_total": 15724,
        "aligned_total": 15724,
        "precision": 0.8966547952175019,
        "recall": 0.8966547952175019,
        "f1": 0.8966547952175019,
        "aligned_accuracy": 0.8966547952175019
    },
    "XPOS": {
        "correct": 0,
        "gold_total": 15724,
        "system_total": 15724,
        "aligned_total": 15724,
        "precision": 0.0,
        "recall": 0.0,
        "f1": 0.0,
        "aligned_accuracy": 0.0
    },
    "UFeats": {
        "correct": 5769,
        "gold_total": 15724,
        "system_total": 15724,
        "aligned_total": 15724,
        "precision": 0.36689137624014245,
        "recall": 0.36689137624014245,
        "f1": 0.36689137624014245,
        "aligned_accuracy": 0.36689137624014245
    },
    "AllTags": {
        "correct": 0,
        "gold_total": 15724,
        "system_total": 15724,
        "aligned_total": 15724,
        "precision": 0.0,
        "recall": 0.0,
        "f1": 0.0,
        "aligned_accuracy": 0.0
    },
    "Lemmas": {
        "correct": 8842,
        "gold_total": 15724,
        "system_total": 15724,
        "aligned_total": 15724,
        "precision": 0.5623251081149835,
        "recall": 0.5623251081149835,
        "f1": 0.5623251081149835,
        "aligned_accuracy": 0.5623251081149835
    },
    "UAS": {
        "correct": 13472,
        "gold_total": 15724,
        "system_total": 15724,
        "aligned_total": 15724,
        "precision": 0.8567794454337319,
        "recall": 0.8567794454337319,
        "f1": 0.8567794454337319,
        "aligned_accuracy": 0.8567794454337319
    },
    "LAS": {
        "correct": 11735,
        "gold_total": 15724,
        "system_total": 15724,
        "aligned_total": 15724,
        "precision": 0.7463113711523786,
        "recall": 0.7463113711523786,
        "f1": 0.7463113711523786,
        "aligned_accuracy": 0.7463113711523786
    },
    "CLAS": {
        "correct": 6718,
        "gold_total": 9429,
        "system_total": 9521,
        "aligned_total": 9429,
        "precision": 0.7055981514546791,
        "recall": 0.7124827659348818,
        "f1": 0.709023746701847,
        "aligned_accuracy": 0.7124827659348818
    },
    "MLAS": {
        "correct": 179,
        "gold_total": 9429,
        "system_total": 9521,
        "aligned_total": 9429,
        "precision": 0.01880054616111753,
        "recall": 0.018983985576413193,
        "f1": 0.018891820580474936,
        "aligned_accuracy": 0.018983985576413193
    },
    "BLEX": {
        "correct": 2185,
        "gold_total": 9429,
        "system_total": 9521,
        "aligned_total": 9429,
        "precision": 0.22949270034660224,
        "recall": 0.23173189097465266,
        "f1": 0.23060686015831133,
        "aligned_accuracy": 0.23173189097465266
    }
}