{
    "Tokens": {
        "correct": 19074,
        "gold_total": 19074,
        "system_total": 19074,
        "aligned_total": null,
        "precision": 1.0,
        "recall": 1.0,
        "f1": 1.0,
        "aligned_accuracy": null
    },
    "Sentences": {
        "correct": 1000,
        "gold_total": 1000,
        "system_total": 1000,
        "aligned_total": null,
        "precision": 1.0,
        "recall": 1.0,
        "f1": 1.0,
        "aligned_accuracy": null
    },
    "Words": {
        "correct": 19074,
        "gold_total": 19074,
        "system_total": 19074,
        "aligned_total": null,
        "precision": 1.0,
        "recall": 1.0,
        "f1": 1.0,
        "aligned_accuracy": null
    },
    "UPOS": {
        "correct": 15125,
        "gold_total": 19074,
        "system_total": 19074,
        "aligned_total": 19074,
        "precision": 0.792964244521338,
        "recall": 0.792964244521338,
        "f1": 0.792964244521338,
        "aligned_accuracy": 0.792964244521338
    },
    "XPOS": {
        "correct": 0,
        "gold_total": 19074,
        "system_total": 19074,
        "aligned_total": 19074,
        "precision": 0.0,
        "recall": 0.0,
        "f1": 0.0,
        "aligned_accuracy": 0.0
    },
    "UFeats": {
        "correct": 6099,
        "gold_total": 19074,
        "system_total": 19074,
        "aligned_total": 19074,
        "precision": 0.319754639823844,
        "recall": 0.319754639823844,
        "f1": 0.319754639823844,
        "aligned_accuracy": 0.319754639823844
    },
    "AllTags": {
        "correct": 0,
        "gold_total": 19074,
        "system_total": 19074,
        "aligned_total": 19074,
        "precision": 0.0,
        "recall": 0.0,
        "f1": 0.0,
        "aligned_accuracy": 0.0
    },
    "Lemmas": {
        "correct": 10713,
        "gold_total": 19074,
        "system_total": 19074,
        "aligned_total": 19074,
        "precision": 0.5616546083674111,
        "recall": 0.5616546083674111,
        "f1": 0.5616546083674111,
        "aligned_accuracy": 0.5616546083674111
    },
    "UAS": {
        "correct": 12894,
        "gold_total": 19074,
        "system_total": 19074,
        "aligned_total": 19074,
        "precision": 0.6759987417426864,
        "recall": 0.6759987417426864,
        "f1": 0.6759987417426864,
        "aligned_accuracy": 0.6759987417426864
    },
    "LAS": {
        "correct": 11355,
        "gold_total": 19074,
        "system_total": 19074,
        "aligned_total": 19074,
        "precision": 0.5953129915067631,
        "recall": 0.5953129915067631,
        "f1": 0.5953129915067631,
        "aligned_accuracy": 0.5953129915067631
    },
    "CLAS": {
        "correct": 6610,
        "gold_total": 11777,
        "system_total": 11303,
        "aligned_total": 11777,
        "precision": 0.5848004954436875,
        "recall": 0.5612634796637513,
        "f1": 0.5727902946273831,
        "aligned_accuracy": 0.5612634796637513
    },
    "MLAS": {
        "correct": 233,
        "gold_total": 11777,
        "system_total": 11303,
        "aligned_total": 11777,
        "precision": 0.020613996284172344,
        "recall": 0.019784325379977923,
        "f1": 0.020190641247833624,
        "aligned_accuracy": 0.019784325379977923
    },
    "BLEX": {
        "correct": 3302,
        "gold_total": 11777,
        "system_total": 11303,
        "aligned_total": 11777,
        "precision": 0.29213483146067415,
        "recall": 0.2803770060287,
        "f1": 0.28613518197573656,
        "aligned_accuracy": 0.2803770060287
    }
}